<?xml version="1.0" encoding="UTF-8"?>
<!DOCTYPE hibernate-configuration PUBLIC
        "-//Hibernate/Hibernate Configuration DTD 3.0//EN"
        "http://www.hibernate.org/dtd/hibernate-configuration-3.0.dtd">
<hibernate-configuration>
	<session-factory>
		<property name="hbm2ddl.auto">update</property>
		<property name="hibernate.connection.driver_class">org.postgresql.Driver</property>
		<property name="hibernate.connection.url">jdbc:postgresql://localhost/hibernateTraining</property>
		<property name="hibernate.connection.username">postgres</property>
		<property name="hibernate.connection.password">password_123</property>
		<property name="hibernate.connection.pool_size">5</property>
		<property name="hibernate.current_session_context_class">thread</property>
		<property name="hibernate.show_sql">true</property>
		<property name="hibernate.dialect">org.hibernate.dialect.PostgreSQLDialect</property>
		<mapping class="org.one2one.model.Employee"></mapping>
		<mapping class="org.one2one.model.Department"></mapping>
	</session-factory>

</hibernate-configuration>